INSERT INTO AERONAVES (CAPACIDADE, MODELO) 
VALUES 
(180, 'Boeing 737'),
(160, 'Airbus A320'),
(110, 'Embraer 190');

INSERT INTO AEROPORTOS (NOME, PAIS, CIDADE, CODIGO) 
VALUES 
('Aeroporto Eurico de Aguiar Salles', 'Brasil', 'Vit처ria', 'VIX'),
('Aeroporto de Guarulhos', 'Brasil', 'S찾o Paulo', 'GRU'),
('John F. Kennedy International Airport', 'Estados Unidos', 'Nova York', 'JFK');

INSERT INTO FUNCIONARIOS (CPF, FUNCAO, NOME) 
VALUES 
('11122233344', 'COMISSARIO', 'Maria Oliveira'),
('55566677788', 'EQUIPE DE SOLO', 'Carlos Alberto'),
('12345678900', 'PILOTO', 'Jo찾o Pereira');

INSERT INTO VOOS (DESTINO, CODIGO, HORARIO_CHEGADA, HORARIO_PARTIDA, ORIGEM, AERONAVE_ID) 
VALUES 
('GRU', 'VIX123', '2024-11-01 10:00:00', '2024-11-01 08:00:00', 'VIX', 1),
('JFK', 'GRU456', '2024-11-02 06:00:00', '2024-11-01 22:00:00', 'GRU', 2);

INSERT INTO PASSAGEIROS (TELEFONE, NOME, EMAIL, ENDERECO, CPF) 
VALUES 
('(27) 99999-1234', 'Carlos Silva', 'carlos.silva@email.com', 'Rua A, 100, Vit처ria', '12345678901'),
('(27) 99999-5678', 'Ana Souza', 'ana.souza@email.com', 'Avenida B, 200, Vila Velha', '98765432100');

INSERT INTO OPERACOES_DE_VOO (FUNCAO, FUNCIONARIO_ID, VOO_CODIGO) 
VALUES 
('COMISSARIO', 2, 'VIX123'),
('PILOTO', 1, 'VIX123'),
('EQUIPE DE SOLO', 3, 'GRU456');

INSERT INTO EQUIPES (VOO_CODIGO, FUNC_ID)
VALUES
('VIX123', 1),
('GRU456', 3);

INSERT INTO RESERVAS (STATUS, PASSAGEIRO_ID, DATA_RESERVA, VOO_CODIGO) 
VALUES 
('CONFIRMADA', 2, '2024-10-30', 'GRU456'),
('CONFIRMADA', 1, '2024-10-29', 'VIX123');
